Domain,Type,Sub Type,Analytics ID,Adsense ID,Reddit Count,T_D Count,T_D %,Tumblr Count,Twitter Count
consortiumnews.com,Useful Idiot,,74743733,,2503,46,1.84,0,15
hectorreban.wordpress.com,Useful Idiot,,10673494,,2477,159,6.42,20,14
rt.com,Russian,Mainstream,5773642,,2466,229,9.29,17,15
thegatewaypundit.com,Useful Idiot,,27176018,,2464,886,35.96,0,15
presstv.ir,Iran,,39704733,,2463,0,0,0,8
sputniknews.com,Russian,Mainstream,,,2396,136,5.68,2,15
tass.ru,Russian,Mainstream,,,2394,4,0.17,1,15
lifezette.com,Useful Idiot,,61509462,,2359,439,18.61,1,15
globalresearch.ca,Useful Idiot,,9062277,1591488516340780,2347,0,0,2,15
presstv.com,Iran,,39704733,,2332,18,0.77,0,15
russia-insider.com,Russian,Deceptive,,8710042295934953,2292,95,4.14,0,15
blacklistednews.com,Useful Idiot,,,,2276,70,3.08,1,15
rferl.org,American,,,,2273,22,0.97,1,15
ria.ru,Russian,Mainstream,,,2267,5,0.22,2,15
100percentfedup.com,Useful Idiot,,54558322,,2144,394,18.38,0,7
tass.com,Russian,Mainstream,,,2088,35,1.68,0,11
judicialwatch.org,Useful Idiot,,,,2032,673,33.12,1,15
veteranstoday.com,Russian,Deceptive,4342133,,2007,2,0.1,1,14
svoboda.org,American,,,,1978,0,0,0,15
rense.com,Useful Idiot,,61760144,,1606,1,0.06,8,15
rian.ru,Russian,Mainstream,,,1520,0,0,0,2
southfront.org,Russian,Deceptive,63883919,8386451025337892,1484,119,8.02,0,15
veteransnewsnow.com,Russian,Deceptive,,,1453,9,0.62,0,3
collective-evolution.com,Useful Idiot,,,,1411,10,0.71,0,15
voiceofrussia.com,Russian,Mainstream,,,1403,0,0,0,1
journal-neo.org,Russian,Deceptive,,,1394,43,3.08,0,0
ruvr.ru,Russian,Mainstream,,,1312,0,0,0,13
humansarefree.com,Useful Idiot,,49050267,,1188,21,1.77,0,15
freedomoutpost.com,Useful Idiot,,27783617,1313049165470954,1040,153,14.71,0,15
tjournal.ru,Russian,Deceptive,,,1028,0,0,0,15
theoccidentalobserver.net,Useful Idiot,,13263991,,993,0,0,0,0
newobserveronline.com,Useful Idiot,,,,989,108,10.92,0,15
pi-news.net,Useful Idiot,,35635305,,920,4,0.43,0,0
defyccc.com,Climate Denial,,,,898,346,38.53,0,11
mynewsguru.com,Russian,Deceptive,,,891,53,5.95,0,0
radiosvoboda.org,American,,,,863,0,0,0,11
thetruthseeker.co.uk,Useful Idiot,,18593293,,706,15,2.12,0,11
brutalist.press,Russian,Deceptive,,,557,35,6.28,0,15
khamenei.ir,Iran,,,,508,7,1.38,4,12
news-front.info,Russian,Deceptive,99990201,5137509935697137,497,0,0,0,15
std3.ru,Russian,Mainstream,,,491,0,0,0,0
stream.org,Useful Idiot,,58698032,,481,114,23.7,0,15
vestnikkavkaza.net,Russian,Mainstream,10572025,2584311989027950,474,1,0.21,0,0
fellowshipoftheminds.com,Useful Idiot,,,,454,134,29.52,0,15
eutimes.net,Useful Idiot,,,,448,2,0.45,0,2
fort-russ.com,Russian,Deceptive,114398561,2498190524881304,444,8,1.8,0,15
greanvillepost.com,Russian,Deceptive,,,420,3,0.71,0,9
hangthebankers.com,Russian,Deceptive,32898761,,392,25,6.38,0,15
azatutyun.am,American,,,,356,0,0,1,15
eaglerising.com,Useful Idiot,,27783617,,337,42,12.46,0,15
savemysweden.com,Useful Idiot,,73457237,7994050179376747,297,175,58.92,0,10
progressivestoday.com,Useful Idiot,,,,294,23,7.82,0,0
radiofarda.com,American,,,,264,2,0.76,0,15
katehon.com,Russian,Deceptive,,,243,10,4.12,0,9
godfatherpolitics.com,Useful Idiot,,27783617,1313049165470954,239,12,5.02,0,15
vesti.ru,Russian,Mainstream,4795608,,220,0,0,1,15
hispantv.com,Iran,,60610166,,214,0,0,0,15
pontiactribune.com,Useful Idiot,,,1374316254849504,201,3,1.49,0,15
thefifthcolumnnews.com,Useful Idiot,,59091318,1374316254849504,199,1,0.5,0,15
darkmoon.me,Useful Idiot,,19145782,,197,2,1.02,0,15
4thmedia.org,Chinese,,,,171,1,0.58,0,0
dirty.ru,Russian,Mainstream,86739,,144,0,0,0,7
regnum.ru,Russian,Mainstream,8696487,,134,0,0,1,15
politicaloutcast.com,Useful Idiot,,27783617,1313049165470954,120,1,0.83,0,1
svaboda.org,American,,,,118,0,0,0,14
geopolmonitor.com,Russian,Deceptive,81252822,,103,0,0,0,0
davidharrisjr.com,Useful Idiot,,110175193,,98,27,27.55,0,15
darkpolitricks.com,Useful Idiot,,10087546,3938314546676889,96,3,3.13,0,15
sptnkne.ws,Russian,Mainstream,,,91,2,2.2,0,15
armenialiberty.org,American,,,,89,0,0,0,0
stalkerzone.org,Russian,Deceptive,,,76,2,2.63,0,7
dailystormer.name,Nazi,,,,71,0,0,0,13
lastresistance.com,Useful Idiot,,27783617,1313049165470954,69,3,4.35,0,4
usasupreme.com,Russian,Deceptive,76312711,5269836215921492,63,12,19.05,0,14
dninews.com,Russian,Deceptive,69743945,,63,7,11.11,0,3
d3.ru,Russian,Mainstream,86739,,52,0,0,0,15
europalibera.org,American,,,,52,0,0,0,15
azadliq.org,American,,,,48,0,0,0,4
alwaght.com,Iran,,64591953,,42,0,0,0,10
azadliqradiosu.az,American,,,,37,0,0,0,0
riafan.ru,Russian,Mainstream,65083654,,35,0,0,1,15
slobodnaevropa.org,American,,,,34,0,0,0,15
geopolitica.ru,Russian,Mainstream,28520589,,33,1,3.03,0,15
visiontoamerica.com,Useful Idiot,,27783617,1313049165470954,33,0,0,0,1
syriareport.net,Russian,Deceptive,,,32,0,0,0,0
russia.tv,Russian,Mainstream,4795608,,26,0,0,1,15
hempforfuture.com,Useful Idiot,,,,24,0,0,0,0
fenixx.org,Useful Idiot,,,,22,3,13.64,0,15
alt-right.com,Russian,Deceptive,,,21,0,0,0,2
greedmedia.com,Useful Idiot,,,,17,1,5.88,0,15
whatfinger.com,Useful Idiot,,106281407,4820559520340554,16,4,25,0,15
mondialisation.ca,Useful Idiot,,9062277,,15,1,6.67,0,13
geotus.army,Russian,Deceptive,,,15,15,100,0,0
azattyq.org,American,,,,14,0,0,0,15
presstv.us,Iran,,,,12,0,0,0,12
grtv.ca,Useful Idiot,,,,11,0,0,0,0
ozodi.org,American,,,,11,0,0,0,15
hispantv.ir,Iran,,60610166,,9,0,0,0,3
leprosorium.ru,Russian,Mainstream,86739,,8,0,0,1,1
svobodanews.ru,American,,,,8,0,0,0,0
sentrybugle.com,Russian,Deceptive,,,7,0,0,0,0
azattyk.org,American,,,,7,0,0,0,15
bighealthreport.com,Useful Idiot,,27783617,1313049165470954,6,0,0,0,0
rubaltic.ru,Russian,Deceptive,118827498,3416940377858709,6,0,0,0,13
vesti.lv,Russian,Deceptive,3330602,,6,0,0,0,6
usareally.com,Russian,Deceptive,120208580,,5,0,0,0,10
ozodlik.org,American,,,,5,0,0,0,15
rianovosti.com,Russian,Mainstream,,,5,0,0,0,0
dnipress.com,Russian,Deceptive,68101215,,5,0,0,0,15
fightwhitegenocide.com,Nazi,,,,5,0,0,0,15
rtr-vesti.ru,Russian,Mainstream,4795608,,5,0,0,0,0
presstv.in,Iran,,,,4,0,0,0,6
voicerussia.com,Russian,Mainstream,,,4,0,0,0,0
baltnews.lt,Russian,Deceptive,,,4,0,0,0,3
shoebat.org,Useful Idiot,,12959148,,4,1,25,0,15
libertybuzznews.com,Useful Idiot,,121786606,,4,0,0,0,12
whatreallyhappened.org,Useful Idiot,,17438127,,4,0,0,0,0
geotus.band,Russian,Deceptive,,,3,2,66.67,0,0
corruptionchronicles.com,Useful Idiot,,3032650,,3,0,0,0,0
azathabar.com,American,,,,3,0,0,0,14
radiotavisupleba.ge,American,,,,3,0,0,0,15
jovan.ru,Russian,Mainstream,,,2,0,0,0,0
globalresearch.org,Useful Idiot,,9062277,1591488516340780,2,0,0,0,2
azathabar.org,American,,,,2,0,0,0,0
evropaelire.org,American,,,,2,0,0,0,15
ekhokavkaza.com,American,,,,2,0,0,0,15
baltnews.lv,Russian,Deceptive,,,2,0,0,0,6
vestikavkaza.ru,Russian,Mainstream,10572025,,2,0,0,0,14
thechinawatch.com,Chinese,,,,1,0,0,0,0
obamairsscandal.com,Useful Idiot,,37487121,,1,1,100,0,1
hispantv.net,Iran,,,,1,0,0,0,0
mashaalradio.com,American,,,,1,0,0,0,15
radiosvoboda.ua,American,,,,1,0,0,0,0
radioazadlyg.org,American,,,,1,0,0,0,0
ussrfall.com,American,,,,1,0,0,0,0
azatliq.org,American,,,,1,0,0,0,15
slobodnaevropa.mk,American,,,,1,0,0,0,15
radiomarsho.com,American,,,,1,0,0,0,15
biztass.ru,Russian,Mainstream,,,1,0,0,0,0
telegraf.lv,Russian,Deceptive,3330602,,1,0,0,0,2
hireveterans.com,Russian,Deceptive,110320771,,1,0,0,0,0
veteranstodaynetwork.com,Russian,Deceptive,4342133,,1,1,100,0,0
veteranstodayjobs.com,Russian,Deceptive,,,1,0,0,0,0
no2nato.org,Russian,Deceptive,,,1,0,0,0,0
kremlintroll.nl,Useful Idiot,,,,1,0,0,0,15
futurico.ru,Russian,Mainstream,,,0,0,0,0,0
enze.net,Russian,Mainstream,86739,,0,0,0,0,0
goohoo.ru,Russian,Mainstream,86739,,0,0,0,0,0
conspiracy.ru,Russian,Mainstream,,,0,0,0,0,0
lepra.ru,Russian,Mainstream,86739,,0,0,0,0,0
sharpelbows.net,Useful Idiot,,,,0,0,0,0,0
geopolitika.ru,Russian,Mainstream,28520589,,0,0,0,0,0
globalresearchtv.com,Useful Idiot,,,,0,0,0,0,0
freedomfulfillment.com,Useful Idiot,,,,0,0,0,0,0
the.tj,Russian,Deceptive,,,0,0,0,0,15
celebritycolumns.com,Useful Idiot,,,,0,0,0,0,0
bridgeagents.com,Useful Idiot,,,,0,0,0,0,0
fitcolumns.com,Useful Idiot,,,,0,0,0,0,0
justinking.org,Useful Idiot,,,,0,0,0,0,0
nonfictionsection.com,Useful Idiot,,,,0,0,0,0,0
sleepercells.us,Useful Idiot,,,1374316254849504,0,0,0,0,0
islamismus.net,Useful Idiot,,,,0,0,0,0,0
hispantv.mx,Iran,,59380812,,0,0,0,0,0
hispan.tv,Iran,,60610166,,0,0,0,0,15
azattyk.kg,American,,,,0,0,0,0,0
khutynygharadio.com,American,,,,0,0,0,0,0
radioerkenli.com,American,,,,0,0,0,0,0
mashaalradio.org,American,,,,0,0,0,0,0
regionalanalysis.org,American,,,,0,0,0,0,0
europaelire.org,American,,,,0,0,0,0,0
iraqhurr.org,American,,,,0,0,0,0,4
azatradio.org,American,,,,0,0,0,0,0
makdenes.org,American,,,,0,0,0,0,0
danas.org,American,,,,0,0,0,0,0
ozodi.tj,American,,,,0,0,0,0,0
oxuzali.az,American,,,,0,0,0,0,0
radioazadlyg.ru,American,,,,0,0,0,0,0
tavisupleba.org,American,,,,0,0,0,0,0
ekhokavkaza.org,American,,,,0,0,0,0,0
rferl.net,American,,,,0,0,0,0,0
radioazattyk.org,American,,,,0,0,0,0,0
риановости.рф,Russian,Mainstream,,,0,0,0,0,0
rttv.ru,Russian,Mainstream,,,0,0,0,0,0
russiatoday.net,Russian,Mainstream,,,0,0,0,0,0
rusnews.cn,Russian,Mainstream,,,0,0,0,0,0
radiovr.com.cn,Russian,Mainstream,,,0,0,0,0,0
sputniknews.cn,Russian,Mainstream,,,0,0,0,0,15
baltnews.ee,Russian,Deceptive,,,0,0,0,0,6
tasstelecom.ru,Russian,Mainstream,,,0,0,0,0,0
thestream.org,Useful Idiot,,58698032,,0,0,0,0,2
vestnikkavkaza.ru,Russian,Mainstream,10572025,,0,0,0,0,3
stihi.lv,Russian,Deceptive,3330602,,0,0,0,0,0
lublu.lv,Russian,Deceptive,3330602,,0,0,0,0,0
subbota.com,Russian,Deceptive,47772390,,0,0,0,0,0
vahomeloannews.com,Russian,Deceptive,,,0,0,0,0,0
veteranstodayforum.com,Russian,Deceptive,,,0,0,0,0,0
legalhelp4veterans.info,Russian,Deceptive,,,0,0,0,0,0
veteranstodaybusinessdirectory.com,Russian,Deceptive,,,0,0,0,0,0
militaryveteranjobnews.com,Russian,Deceptive,,,0,0,0,0,0
savedonbasspeople.info,Russian,Deceptive,71080557,,0,0,0,0,0
empoderasalud.com,Russian,Deceptive,,,0,0,0,0,0
fbipajamas.com,Useful Idiot,,,,0,0,0,0,15
vesti24.ru,Russian,Mainstream,4795608,,0,0,0,0,0
rtr-sport.ru,Russian,Mainstream,4795608,,0,0,0,0,0
rtr-planeta.com,Russian,Mainstream,4795608,,0,0,0,0,0
vesti-moscow.ru,Russian,Mainstream,4795608,,0,0,0,0,0
utro-russia.ru,Russian,Mainstream,4795608,,0,0,0,0,0
rtrplaneta.ru,Russian,Mainstream,4795608,,0,0,0,0,0
rtrplaneta.com,Russian,Mainstream,4795608,,0,0,0,0,0
